gasDayStart,gasInStorage,workingGasVolume,full,trend
2022-01-01,600.4245,1116.5841,53.77,0.0
2022-01-02,600.4137,1116.6065,53.77,-0.0
2022-01-03,598.9044,1116.6231,53.64,-0.14
2022-01-04,596.1655,1116.6231,53.39,-0.25
2022-01-05,591.8799,1116.6231,53.01,-0.38
2022-01-06,587.5168,1116.6231,52.62,-0.39
2022-01-07,581.7404,1116.6231,52.1,-0.52
2022-01-08,576.9609,1116.6231,51.67,-0.43
2022-01-09,572.1768,1116.6231,51.24,-0.43
2022-01-10,564.0221,1116.7573,50.51,-0.73
2022-01-11,555.9013,1116.8081,49.78,-0.73
2022-01-12,547.6744,1116.8081,49.04,-0.74
2022-01-13,539.756,1116.8081,48.33,-0.71
2022-01-14,531.8066,1116.8081,47.62,-0.71
2022-01-15,525.5723,1116.8081,47.06,-0.56
2022-01-16,520.0626,1116.8081,46.57,-0.49
2022-01-17,512.875,1116.7081,45.93,-0.64
2022-01-18,505.119,1116.7081,45.23,-0.69
2022-01-19,498.1384,1116.7081,44.61,-0.63
2022-01-20,490.8656,1116.7081,43.96,-0.65
2022-01-21,483.1578,1116.7081,43.27,-0.69
2022-01-22,476.6819,1116.7081,42.69,-0.58
2022-01-23,470.5199,1116.7081,42.13,-0.55
2022-01-24,462.7379,1116.6861,41.44,-0.7
2022-01-25,454.6487,1116.6861,40.71,-0.72
2022-01-26,447.0515,1116.6861,40.03,-0.68
2022-01-27,440.4757,1116.6861,39.44,-0.59
2022-01-28,434.2103,1116.6861,38.88,-0.56
2022-01-29,430.2332,1116.6861,38.53,-0.36
2022-01-30,426.3531,1116.6861,38.18,-0.35
2022-01-31,420.2242,1116.6739,37.63,-0.55
2022-02-01,415.2835,1116.6739,37.19,-0.44
2022-02-02,410.4205,1116.6739,36.75,-0.44
2022-02-03,405.8298,1116.6739,36.34,-0.41
2022-02-04,402.0459,1116.6739,36.0,-0.34
2022-02-05,399.3311,1116.6739,35.76,-0.24
2022-02-06,396.8214,1116.6739,35.54,-0.22
2022-02-07,392.4174,1116.6749,35.14,-0.39
2022-02-08,388.3226,1116.6749,34.77,-0.37
2022-02-09,384.4337,1116.6749,34.43,-0.35
2022-02-10,379.8319,1116.6749,34.01,-0.41
2022-02-11,375.1295,1116.6749,33.59,-0.42
2022-02-12,371.3088,1116.6749,33.25,-0.34
2022-02-13,368.3807,1116.6749,32.99,-0.26
2022-02-14,364.4237,1116.6725,32.63,-0.35
2022-02-15,360.3072,1116.6725,32.27,-0.37
2022-02-16,356.9757,1116.6725,31.97,-0.3
2022-02-17,354.4056,1116.6725,31.74,-0.23
2022-02-18,351.7258,1116.6725,31.5,-0.24
2022-02-19,349.2588,1116.6725,31.28,-0.22
2022-02-20,347.3623,1116.6725,31.11,-0.17
2022-02-21,343.7363,1116.6725,30.78,-0.32
2022-02-22,340.0494,1116.6725,30.45,-0.33
2022-02-23,336.967,1116.6725,30.18,-0.28
2022-02-24,334.1767,1116.6725,29.93,-0.25
2022-02-25,331.4167,1116.6725,29.68,-0.25
2022-02-26,329.5142,1116.6725,29.51,-0.17
2022-02-27,327.7781,1116.6725,29.35,-0.16
2022-02-28,323.9264,1116.671,29.01,-0.34
2022-03-01,320.018,1116.671,28.66,-0.35
2022-03-02,316.3522,1116.671,28.33,-0.33
2022-03-03,312.9677,1116.671,28.03,-0.3
2022-03-04,309.9788,1116.671,27.76,-0.27
2022-03-05,307.9094,1116.671,27.57,-0.19
2022-03-06,305.5945,1116.671,27.37,-0.21
2022-03-07,301.3755,1116.671,26.99,-0.38
2022-03-08,297.842,1116.671,26.67,-0.32
2022-03-09,295.1212,1116.671,26.43,-0.24
2022-03-10,294.1433,1116.671,26.34,-0.09
2022-03-11,292.9763,1116.671,26.24,-0.1
2022-03-12,292.9924,1116.671,26.24,0.0
2022-03-13,292.9607,1116.671,26.24,-0.0
2022-03-14,290.9945,1116.67,26.06,-0.18
2022-03-15,289.226,1116.6785,25.9,-0.16
2022-03-16,288.0839,1116.6785,25.8,-0.1
2022-03-17,287.1092,1116.6785,25.71,-0.09
2022-03-18,286.4804,1116.6785,25.65,-0.06
2022-03-19,285.4293,1116.6785,25.56,-0.09
2022-03-20,287.6582,1116.6785,25.76,0.2
2022-03-21,287.0232,1116.6766,25.7,-0.06
2022-03-22,287.0366,1116.6766,25.7,0.0
2022-03-23,287.473,1116.6766,25.74,0.04
2022-03-24,288.8328,1116.6766,25.87,0.12
2022-03-25,290.2077,1116.6766,25.99,0.12
2022-03-26,292.6377,1115.6069,26.23,0.22
2022-03-27,295.2473,1116.6766,26.44,0.23
2022-03-28,296.4385,1116.6859,26.55,0.11
2022-03-29,297.5422,1116.6859,26.65,0.1
2022-03-30,297.8521,1116.6859,26.67,0.03
2022-03-31,293.761,1113.9859,26.37,-0.37
2022-04-01,293.897,1107.3653,26.54,0.01
2022-04-02,293.4023,1107.1829,26.5,-0.04
2022-04-03,292.7519,1106.8083,26.45,-0.06
2022-04-04,291.7666,1106.8083,26.36,-0.09
2022-04-05,291.2176,1106.8083,26.31,-0.05
2022-04-06,292.5942,1106.8083,26.44,0.12
2022-04-07,294.2388,1106.9859,26.58,0.15
2022-04-08,295.9217,1105.7691,26.76,0.15
2022-04-09,297.9926,1105.7691,26.95,0.19
2022-04-10,300.3703,1105.7691,27.16,0.22
2022-04-11,301.6242,1105.7681,27.28,0.11
2022-04-12,304.1278,1105.7681,27.5,0.23
2022-04-13,307.0514,1105.7681,27.77,0.26
2022-04-14,310.4633,1105.7681,28.08,0.31
2022-04-15,315.2153,1106.3905,28.49,0.43
2022-04-16,319.9148,1106.3905,28.92,0.42
2022-04-17,324.7294,1106.3905,29.35,0.44
2022-04-18,329.2962,1106.39,29.76,0.41
2022-04-19,332.4172,1106.39,30.05,0.28
2022-04-20,335.1868,1106.39,30.3,0.25
2022-04-21,338.2845,1107.537,30.54,0.28
2022-04-22,341.8817,1107.537,30.87,0.32
2022-04-23,346.3989,1107.537,31.28,0.41
2022-04-24,351.0869,1107.537,31.7,0.42
2022-04-25,354.0308,1107.5477,31.97,0.27
2022-04-26,356.3135,1107.5477,32.17,0.21
2022-04-27,358.4407,1103.0415,32.5,0.19
2022-04-28,361.4656,1103.0415,32.77,0.27
2022-04-29,364.7967,1103.0415,33.07,0.3
2022-04-30,368.7328,1101.606,33.47,0.36
2022-05-01,373.7964,1103.838,33.86,0.46
2022-05-02,378.1233,1103.8585,34.25,0.39
2022-05-03,382.5679,1103.8585,34.66,0.4
2022-05-04,386.9052,1103.8585,35.05,0.39
2022-05-05,391.4184,1103.8585,35.46,0.41
2022-05-06,396.1074,1103.8585,35.88,0.42
2022-05-07,401.8442,1103.8585,36.4,0.52
2022-05-08,407.5155,1103.8585,36.92,0.51
2022-05-09,412.3347,1103.8595,37.35,0.44
2022-05-10,416.9331,1103.8595,37.77,0.42
2022-05-11,421.8772,1103.8595,38.22,0.45
2022-05-12,426.6538,1103.8595,38.65,0.43
2022-05-13,432.2637,1102.7513,39.2,0.51
2022-05-14,438.4219,1102.7513,39.76,0.56
2022-05-15,444.8755,1102.7513,40.34,0.59
2022-05-16,449.6483,1102.7713,40.77,0.43
2022-05-17,454.0455,1102.7713,41.17,0.4
2022-05-18,458.4326,1102.7503,41.57,0.4
2022-05-19,463.2931,1102.7503,42.01,0.44
2022-05-20,468.4334,1102.7503,42.48,0.47
2022-05-21,474.3776,1102.7503,43.02,0.54
2022-05-22,480.2333,1102.7503,43.55,0.53
2022-05-23,485.0387,1102.7664,43.98,0.44
2022-05-24,489.708,1102.7664,44.41,0.42
2022-05-25,494.729,1102.7664,44.86,0.46
2022-05-26,500.0618,1102.7664,45.35,0.48
2022-05-27,505.3683,1102.7664,45.83,0.48
2022-05-28,510.7558,1102.7664,46.32,0.49
2022-05-29,515.9441,1102.7664,46.79,0.47
2022-05-30,519.5383,1102.784,47.11,0.33
2022-05-31,522.7593,1102.784,47.4,0.29
2022-06-01,526.5777,1102.7839,47.75,0.35
2022-06-02,531.0707,1102.7839,48.16,0.41
2022-06-03,535.7671,1102.7839,48.58,0.43
2022-06-04,541.3408,1102.7839,49.09,0.51
2022-06-05,546.9115,1102.7839,49.59,0.51
2022-06-06,551.9051,1102.8015,50.05,0.45
2022-06-07,555.7274,1102.8015,50.39,0.35
2022-06-08,558.6392,1102.8015,50.66,0.26
2022-06-09,561.2394,1102.8016,50.89,0.24
2022-06-10,563.8665,1102.8015,51.13,0.24
2022-06-11,569.6185,1102.8015,51.65,0.52
2022-06-12,575.3248,1102.8015,52.17,0.52
2022-06-13,580.0739,1102.8069,52.6,0.43
2022-06-14,583.7135,1102.8082,52.93,0.33
2022-06-15,587.3955,1102.8085,53.26,0.33
2022-06-16,591.0715,1102.8086,53.6,0.33
2022-06-17,594.8578,1103.1503,53.92,0.34
2022-06-18,599.6499,1103.1512,54.36,0.43
2022-06-19,604.4824,1103.1522,54.8,0.44
2022-06-20,608.0218,1103.1244,55.12,0.32
2022-06-21,614.054,1111.0844,55.27,0.54
2022-06-22,617.0949,1110.9744,55.55,0.27
2022-06-23,620.1468,1110.9744,55.82,0.27
2022-06-24,623.7243,1110.9744,56.14,0.32
2022-06-25,628.502,1110.9745,56.57,0.43
2022-06-26,633.3563,1110.9749,57.01,0.44
2022-06-27,636.6311,1110.9566,57.3,0.29
2022-06-28,640.1583,1111.1066,57.61,0.32
2022-06-29,643.4265,1111.1066,57.91,0.29
2022-06-30,646.506,1111.1066,58.19,0.28
2022-07-01,650.7038,1111.2959,58.55,0.38
2022-07-02,655.4738,1111.296,58.98,0.43
2022-07-03,660.5334,1111.2961,59.44,0.46
2022-07-04,664.6153,1111.3203,59.8,0.37
2022-07-05,668.5845,1111.3203,60.16,0.36
2022-07-06,672.5842,1111.3203,60.52,0.36
2022-07-07,676.4676,1111.3211,60.87,0.35
2022-07-08,680.3679,1111.3211,61.22,0.35
2022-07-09,685.6538,1111.3211,61.7,0.48
2022-07-10,690.8969,1111.3211,62.17,0.47
2022-07-11,693.5519,1111.3313,62.41,0.24
2022-07-12,696.433,1111.3313,62.67,0.26
2022-07-13,699.5628,1111.3313,62.95,0.28
2022-07-14,703.0542,1111.4413,63.26,0.31
2022-07-15,706.7668,1111.4413,63.59,0.33
2022-07-16,711.5183,1111.4413,64.02,0.43
2022-07-17,716.0245,1111.4413,64.42,0.41
2022-07-18,719.3617,1111.4462,64.72,0.3
2022-07-19,722.1142,1111.4462,64.97,0.25
2022-07-20,724.8959,1111.4462,65.22,0.25
2022-07-21,727.9941,1111.4462,65.5,0.28
2022-07-22,731.8093,1111.4462,65.84,0.34
2022-07-23,736.5857,1111.4461,66.27,0.43
2022-07-24,741.7096,1111.4461,66.73,0.46
2022-07-25,746.0328,1111.4598,67.12,0.39
2022-07-26,750.0578,1111.4598,67.48,0.36
2022-07-27,753.9249,1111.4598,67.83,0.35
2022-07-28,757.7655,1111.4598,68.18,0.35
2022-07-29,761.4913,1111.4598,68.51,0.34
2022-07-30,766.1234,1111.4598,68.93,0.42
2022-07-31,770.3283,1111.4598,69.31,0.38
2022-08-01,774.7829,1104.2352,70.16,0.4
2022-08-02,779.0509,1104.2342,70.55,0.39
2022-08-03,783.0479,1104.2342,70.91,0.36
2022-08-04,786.1631,1104.1442,71.2,0.28
2022-08-05,790.2438,1111.4071,71.1,0.37
2022-08-06,795.267,1111.4071,71.55,0.45
2022-08-07,800.4608,1111.4071,72.02,0.47
2022-08-08,804.6915,1111.4076,72.4,0.38
2022-08-09,809.0264,1111.4076,72.79,0.39
2022-08-10,813.52,1111.3788,73.2,0.4
2022-08-11,817.6375,1111.3788,73.57,0.37
2022-08-12,821.9575,1111.6165,73.94,0.39
2022-08-13,826.8823,1111.6165,74.39,0.44
2022-08-14,831.7792,1111.6165,74.83,0.44
2022-08-15,836.2396,1111.8592,75.21,0.4
2022-08-16,840.2262,1111.8592,75.57,0.36
2022-08-17,843.8238,1111.8592,75.89,0.32
2022-08-18,847.6932,1112.5571,76.19,0.35
2022-08-19,851.8611,1112.5571,76.57,0.37
2022-08-20,856.726,1112.5571,77.01,0.44
2022-08-21,861.512,1112.5571,77.44,0.43
2022-08-22,865.1155,1112.5576,77.76,0.32
2022-08-23,868.6321,1112.6087,78.07,0.32
2022-08-24,872.3581,1113.2163,78.36,0.33
2022-08-25,876.1216,1113.2163,78.7,0.34
2022-08-26,879.6624,1113.2163,79.02,0.32
2022-08-27,883.9365,1113.2163,79.4,0.38
2022-08-28,888.3667,1113.2163,79.8,0.4
2022-08-29,891.4736,1113.1868,80.08,0.28
2022-08-30,894.4697,1113.1868,80.35,0.27
2022-08-31,895.7715,1113.1868,80.47,0.12
2022-09-01,899.7772,1114.2842,80.75,0.36
2022-09-02,903.0806,1114.2842,81.05,0.3
2022-09-03,907.5318,1114.2842,81.45,0.4
2022-09-04,912.133,1114.2842,81.86,0.41
2022-09-05,915.5598,1114.2907,82.17,0.31
2022-09-06,918.8292,1114.2907,82.46,0.29
2022-09-07,921.365,1114.2907,82.69,0.23
2022-09-08,924.7981,1114.2907,82.99,0.31
2022-09-09,928.0413,1114.2907,83.29,0.29
2022-09-10,931.9245,1114.2907,83.63,0.35
2022-09-11,935.8973,1114.2907,83.99,0.36
2022-09-12,938.707,1114.2907,84.24,0.25
2022-09-13,941.3366,1114.088,84.49,0.24
2022-09-14,943.8733,1114.088,84.72,0.23
2022-09-15,946.6639,1114.088,84.97,0.25
2022-09-16,950.3228,1114.088,85.3,0.33
2022-09-17,954.4169,1114.088,85.67,0.37
2022-09-18,958.4001,1114.088,86.03,0.36
2022-09-19,960.9462,1114.088,86.25,0.23
2022-09-20,963.3722,1114.088,86.47,0.22
2022-09-21,965.738,1114.0911,86.68,0.21
2022-09-22,968.2078,1114.2075,86.9,0.22
2022-09-23,970.8637,1114.2173,87.13,0.24
2022-09-24,974.28,1114.219,87.44,0.31
2022-09-25,977.8193,1114.219,87.76,0.32
2022-09-26,980.3369,1114.219,87.98,0.23
2022-09-27,982.523,1114.227,88.18,0.2
2022-09-28,984.1002,1114.9572,88.26,0.14
2022-09-29,986.1431,1113.8662,88.53,0.18
2022-09-30,987.4342,1112.8662,88.73,0.12
2022-10-01,991.0759,1112.8678,89.06,0.33
2022-10-02,994.9371,1112.8678,89.4,0.35
2022-10-03,997.7611,1112.8678,89.66,0.25
2022-10-04,1000.1963,1112.8678,89.88,0.22
2022-10-05,1002.9346,1112.8678,90.12,0.25
2022-10-06,1005.7536,1112.8669,90.38,0.25
2022-10-07,1008.5687,1113.8729,90.55,0.25
2022-10-08,1012.1288,1113.8731,90.87,0.32
2022-10-09,1015.4058,1113.8731,91.16,0.29
2022-10-10,1017.8079,1113.8731,91.38,0.22
2022-10-11,1019.4402,1113.8731,91.52,0.15
2022-10-12,1020.8383,1113.8731,91.65,0.13
2022-10-13,1022.187,1113.9731,91.76,0.12
2022-10-14,1024.3546,1114.9731,91.87,0.19
2022-10-15,1027.5279,1114.9731,92.16,0.28
2022-10-16,1030.6657,1114.9731,92.44,0.28
2022-10-17,1033.0195,1114.9731,92.65,0.21
2022-10-18,1034.8382,1114.9731,92.81,0.16
2022-10-19,1036.3637,1115.0401,92.94,0.14
2022-10-20,1037.579,1114.6241,93.09,0.11
2022-10-21,1038.9309,1114.6241,93.21,0.12
2022-10-22,1041.3192,1114.6241,93.42,0.21
2022-10-23,1043.7044,1114.6253,93.64,0.21
2022-10-24,1045.8332,1114.6253,93.83,0.19
2022-10-25,1047.0659,1115.4253,93.87,0.11
2022-10-26,1048.1046,1115.4553,93.96,0.09
2022-10-27,1049.6886,1115.4553,94.1,0.14
2022-10-28,1051.498,1115.4553,94.27,0.16
2022-10-29,1054.058,1116.8795,94.38,0.23
2022-10-30,1056.6069,1115.4553,94.72,0.23
2022-10-31,1058.2953,1116.4553,94.79,0.15
2022-11-01,1060.2462,1116.4633,94.96,0.17
2022-11-02,1061.2311,1116.5263,95.05,0.09
2022-11-03,1061.4308,1116.5893,95.06,0.02
2022-11-04,1062.0635,1116.8413,95.1,0.06
2022-11-05,1063.3031,1117.8737,95.12,0.11
2022-11-06,1064.696,1117.8737,95.24,0.12
2022-11-07,1065.2325,1117.8997,95.29,0.05
2022-11-08,1065.8808,1117.9657,95.34,0.06
2022-11-09,1066.5893,1117.9657,95.4,0.06
2022-11-10,1067.2482,1118.0267,95.46,0.06
2022-11-11,1067.8995,1118.0867,95.51,0.06
2022-11-12,1068.8525,1118.1428,95.59,0.09
2022-11-13,1069.9086,1118.1428,95.69,0.09
2022-11-14,1069.1771,1118.1758,95.62,-0.07
2022-11-15,1067.9428,1118.2355,95.5,-0.11
2022-11-16,1067.2688,1118.3055,95.44,-0.06
2022-11-17,1066.8778,1118.5193,95.38,-0.03
2022-11-18,1065.6542,1118.5193,95.27,-0.11
2022-11-19,1064.6139,1118.5193,95.18,-0.09
2022-11-20,1063.3403,1118.5393,95.07,-0.11
2022-11-21,1061.0532,1118.5393,94.86,-0.2
2022-11-22,1058.4577,1118.5393,94.63,-0.23
2022-11-23,1056.5257,1118.9365,94.42,-0.17
2022-11-24,1054.5788,1119.0297,94.24,-0.17
2022-11-25,1052.6613,1119.0297,94.07,-0.17
2022-11-26,1051.9008,1119.0297,94.0,-0.07
2022-11-27,1051.2784,1119.0297,93.95,-0.06
2022-11-28,1047.93,1119.0297,93.65,-0.3
2022-11-29,1043.4119,1119.0297,93.24,-0.4
2022-11-30,1038.8324,1119.0297,92.83,-0.41
2022-12-01,1033.5197,1119.0297,92.36,-0.47
2022-12-02,1028.3802,1119.0297,91.9,-0.46
2022-12-03,1025.075,1119.0297,91.6,-0.3
2022-12-04,1021.829,1119.0297,91.31,-0.29
2022-12-05,1017.1151,1119.0297,90.89,-0.42
2022-12-06,1012.0558,1119.0297,90.44,-0.45
2022-12-07,1006.6241,1119.0297,89.96,-0.49
2022-12-08,1000.9526,1119.0297,89.45,-0.51
2022-12-09,995.5367,1119.0297,88.96,-0.48
2022-12-10,990.7029,1119.0297,88.53,-0.43
2022-12-11,985.4662,1119.0297,88.06,-0.47
2022-12-12,977.6165,1119.0297,87.36,-0.7
2022-12-13,968.9158,1119.0297,86.59,-0.78
2022-12-14,961.0664,1119.0297,85.88,-0.7
2022-12-15,953.5757,1119.0297,85.21,-0.67
2022-12-16,947.0468,1119.0297,84.63,-0.58
2022-12-17,942.356,1119.0297,84.21,-0.42
2022-12-18,938.3461,1119.0297,83.85,-0.36
2022-12-19,934.2137,1119.0297,83.48,-0.37
2022-12-20,931.1683,1119.0297,83.21,-0.27
2022-12-21,929.7734,1119.4095,83.06,-0.12
2022-12-22,928.7365,1119.4095,82.97,-0.09
2022-12-23,928.3609,1119.4095,82.93,-0.03
2022-12-24,929.2471,1119.4095,83.01,0.08
2022-12-25,930.615,1119.4095,83.13,0.12
2022-12-26,931.7377,1119.4095,83.23,0.1
2022-12-27,931.4395,1119.4095,83.21,-0.03
2022-12-28,931.4201,1119.4095,83.21,-0.0
2022-12-29,931.789,1119.4095,83.24,0.03
2022-12-30,932.4036,1119.4095,83.29,0.05
2022-12-31,933.4146,1119.4095,83.38,0.09
2023-01-01,934.9278,1119.3095,83.53,0.0
2023-01-02,934.9074,1119.4212,83.52,-0.0
2023-01-03,933.9947,1119.4212,83.44,-0.08
2023-01-04,933.2785,1119.4212,83.37,-0.06
2023-01-05,931.8386,1119.4312,83.24,-0.13
2023-01-06,931.2802,1119.4312,83.19,-0.05
2023-01-07,930.8104,1119.4312,83.15,-0.04
2023-01-08,930.03,1119.4312,83.08,-0.07
2023-01-09,927.5206,1119.4312,82.86,-0.22
2023-01-10,924.8934,1119.4312,82.62,-0.23
2023-01-11,922.3836,1119.956,82.36,-0.22
2023-01-12,920.0537,1119.956,82.15,-0.21
2023-01-13,917.3944,1119.956,81.91,-0.24
2023-01-14,915.3039,1119.956,81.73,-0.19
2023-01-15,912.9805,1119.956,81.52,-0.21
2023-01-16,908.2574,1119.956,81.1,-0.42
2023-01-17,902.9051,1119.956,80.62,-0.48
2023-01-18,897.2544,1120.746,80.06,-0.5
2023-01-19,890.6133,1120.746,79.47,-0.59
2023-01-20,883.7173,1120.746,78.85,-0.62
2023-01-21,877.8163,1120.746,78.32,-0.53
2023-01-22,871.6349,1120.746,77.77,-0.55
2023-01-23,863.5858,1121.45,77.01,-0.72
2023-01-24,855.5187,1121.45,76.29,-0.72
2023-01-25,847.8995,1121.4501,75.61,-0.68
2023-01-26,840.6904,1121.4501,74.96,-0.64
2023-01-27,832.8192,1121.4501,74.26,-0.7
2023-01-28,826.3144,1121.4501,73.68,-0.58
2023-01-29,820.416,1121.4501,73.16,-0.53
2023-01-30,813.9446,1121.4501,72.58,-0.58
2023-01-31,810.1731,1123.7501,72.1,-0.34
2023-02-01,804.8744,1123.7501,71.62,-0.47
2023-02-02,799.7863,1123.7501,71.17,-0.45
2023-02-03,795.4744,1123.7501,70.79,-0.38
2023-02-04,791.9875,1123.7501,70.48,-0.31
2023-02-05,787.1428,1121.7507,70.17,-0.43
2023-02-06,781.1436,1123.7501,69.51,-0.53
2023-02-07,773.8454,1123.7501,68.86,-0.65
2023-02-08,766.4737,1123.7501,68.21,-0.66
2023-02-09,758.8946,1123.7501,67.53,-0.67
2023-02-10,752.3464,1123.7501,66.95,-0.58
2023-02-11,747.5334,1123.7501,66.52,-0.43
2023-02-12,743.4935,1123.7501,66.16,-0.36
2023-02-13,738.3865,1123.7501,65.71,-0.45
2023-02-14,733.4188,1123.7501,65.27,-0.44
2023-02-15,728.7353,1123.7501,64.85,-0.42
2023-02-16,724.8763,1123.7501,64.51,-0.34
2023-02-17,722.0692,1123.7501,64.26,-0.25
2023-02-18,720.8646,1123.7501,64.15,-0.11
2023-02-19,719.4409,1123.7501,64.02,-0.13
2023-02-20,716.7556,1123.7501,63.78,-0.24
2023-02-21,713.3503,1123.7501,63.48,-0.3
2023-02-22,710.0861,1123.7501,63.19,-0.29
2023-02-23,707.0077,1123.7502,62.92,-0.27
2023-02-24,703.9285,1123.7502,62.64,-0.27
2023-02-25,701.2036,1123.7502,62.4,-0.24
2023-02-26,698.504,1123.7502,62.16,-0.24
2023-02-27,692.215,1124.7179,61.55,-0.56
2023-02-28,686.3222,1124.6164,61.03,-0.52
2023-03-01,681.5597,1124.7179,60.6,-0.42
2023-03-02,676.2093,1124.7171,60.12,-0.48
2023-03-03,671.2202,1124.7179,59.68,-0.44
2023-03-04,668.9794,1124.7179,59.48,-0.2
2023-03-05,662.7734,1124.7179,58.93,-0.55
2023-03-06,658.1859,1124.7179,58.52,-0.41
2023-03-07,652.4524,1124.7179,58.01,-0.51
2023-03-08,646.8191,1124.7179,57.51,-0.5
2023-03-09,642.6249,1124.7179,57.14,-0.37
2023-03-10,639.3208,1124.7179,56.84,-0.29
2023-03-11,636.7109,1124.7179,56.61,-0.23
2023-03-12,635.0198,1124.7179,56.46,-0.15
2023-03-13,633.9407,1124.7179,56.36,-0.1
2023-03-14,632.0824,1124.7179,56.2,-0.17
2023-03-15,629.1877,1124.7179,55.94,-0.26
2023-03-16,626.956,1124.7179,55.74,-0.2
2023-03-17,625.9414,1124.7179,55.65,-0.09
2023-03-18,626.5062,1124.7179,55.7,0.05
2023-03-19,626.8036,1124.7179,55.73,0.03
2023-03-20,625.445,1124.7179,55.61,-0.12
2023-03-21,624.9643,1124.7179,55.57,-0.04
2023-03-22,625.2916,1124.7179,55.6,0.03
2023-03-23,626.0067,1124.7179,55.66,0.06
2023-03-24,627.5113,1124.7179,55.79,0.13
2023-03-25,628.9689,1123.2643,55.99,0.13
2023-03-26,629.8029,1124.7179,56.0,0.07
2023-03-27,628.2532,1124.7179,55.86,-0.14
2023-03-28,625.8618,1124.6164,55.65,-0.21
2023-03-29,625.012,1124.7179,55.57,-0.08
2023-03-30,625.4537,1124.7179,55.61,0.04
2023-03-31,627.8241,1125.2066,55.8,0.21
2023-04-01,627.9931,1124.9783,55.82,0.02
2023-04-02,628.5865,1124.8219,55.88,0.05
2023-04-03,627.7306,1124.7109,55.81,-0.08
2023-04-04,626.3315,1124.7109,55.69,-0.12
2023-04-05,624.9899,1124.8579,55.56,-0.12
2023-04-06,624.1149,1124.8579,55.48,-0.08
2023-04-07,624.3902,1126.8579,55.41,0.02
2023-04-08,625.6381,1126.8579,55.52,0.11
2023-04-09,627.7175,1126.8579,55.71,0.18
2023-04-10,630.0833,1126.8579,55.92,0.21
2023-04-11,631.6249,1126.8579,56.05,0.14
2023-04-12,632.5212,1126.8579,56.13,0.08
2023-04-13,633.3855,1126.8579,56.21,0.08
2023-04-14,633.39,1126.8579,56.21,0.0
2023-04-15,635.2792,1127.9585,56.32,0.17
2023-04-16,637.6789,1127.9585,56.53,0.21
2023-04-17,638.9929,1127.9585,56.65,0.12
2023-04-18,640.523,1127.9585,56.79,0.14
2023-04-19,642.4117,1127.9585,56.95,0.17
2023-04-20,644.093,1127.9585,57.1,0.15
2023-04-21,646.4475,1129.0285,57.26,0.21
2023-04-22,650.1344,1129.0285,57.58,0.33
2023-04-23,654.1633,1129.0285,57.94,0.36
2023-04-24,657.3483,1129.0285,58.22,0.28
2023-04-25,659.8699,1129.0285,58.45,0.22
2023-04-26,660.9714,1129.0285,58.54,0.1
2023-04-27,662.9205,1129.0285,58.72,0.17
2023-04-28,665.5249,1129.0285,58.95,0.23
2023-04-29,669.4202,1129.0285,59.29,0.35
2023-04-30,673.7924,1128.0458,59.73,0.39
2023-05-01,677.85,1128.7318,60.05,0.36
2023-05-02,680.3856,1128.8818,60.27,0.22
2023-05-03,682.9928,1128.8818,60.5,0.23
2023-05-04,685.3646,1129.1618,60.7,0.21
2023-05-05,688.766,1129.1618,61.0,0.3
2023-05-06,692.7355,1129.1618,61.35,0.35
2023-05-07,696.8523,1129.1618,61.71,0.36
2023-05-08,700.0501,1129.1618,62.0,0.28
2023-05-09,702.4646,1129.1151,62.21,0.21
2023-05-10,704.8702,1129.1151,62.43,0.21
2023-05-11,707.3034,1129.1151,62.64,0.22
2023-05-12,710.2775,1129.1151,62.91,0.26
2023-05-13,714.7887,1129.1151,63.31,0.4
2023-05-14,719.2941,1129.0942,63.71,0.4
2023-05-15,722.504,1130.6387,63.9,0.28
2023-05-16,725.5067,1129.1157,64.25,0.27
2023-05-17,728.5457,1129.0713,64.53,0.27
2023-05-18,731.8914,1129.0713,64.82,0.3
2023-05-19,735.52,1130.8316,65.04,0.32
2023-05-20,740.2532,1130.8316,65.46,0.42
2023-05-21,745.1257,1130.8316,65.89,0.43
2023-05-22,748.1494,1130.8316,66.16,0.27
2023-05-23,751.0923,1130.8316,66.42,0.26
2023-05-24,753.64,1130.8316,66.64,0.23
2023-05-25,756.4485,1130.8316,66.89,0.25
2023-05-26,760.0434,1130.8316,67.21,0.32
2023-05-27,764.5046,1130.8316,67.61,0.39
2023-05-28,768.7084,1130.8316,67.98,0.37
2023-05-29,772.3597,1130.8316,68.3,0.32
2023-05-30,775.347,1130.8316,68.56,0.26
2023-05-31,777.8543,1130.1434,68.83,0.22
2023-06-01,780.5664,1130.358,69.05,0.24
2023-06-02,784.0648,1129.2682,69.43,0.31
2023-06-03,787.9565,1129.2682,69.78,0.34
2023-06-04,791.9009,1129.2682,70.13,0.35
2023-06-05,794.5259,1129.2884,70.36,0.23
2023-06-06,796.8271,1129.2884,70.56,0.2
2023-06-07,799.0241,1129.2884,70.75,0.19
2023-06-08,801.9967,1129.2884,71.02,0.26
2023-06-09,805.4832,1129.2884,71.33,0.31
2023-06-10,809.6492,1129.2884,71.7,0.37
2023-06-11,813.9668,1129.2884,72.08,0.38
2023-06-12,817.2673,1129.2884,72.37,0.29
2023-06-13,820.6397,1129.2884,72.67,0.3
2023-06-14,823.7153,1129.2884,72.94,0.27
2023-06-15,826.5071,1129.2884,73.19,0.25
2023-06-16,829.7424,1129.2884,73.47,0.29
2023-06-17,833.434,1129.2884,73.8,0.33
2023-06-18,837.7829,1129.2884,74.19,0.39
2023-06-19,840.7602,1129.2884,74.45,0.26
2023-06-20,843.9519,1129.2884,74.73,0.28
2023-06-21,845.078,1129.2884,74.83,0.1
2023-06-22,846.7646,1129.2884,74.98,0.15
2023-06-23,849.46,1129.2884,75.22,0.24
2023-06-24,853.5544,1129.2884,75.58,0.36
2023-06-25,857.5833,1129.3964,75.93,0.36
2023-06-26,860.6019,1129.2884,76.21,0.27
2023-06-27,863.0523,1129.2884,76.42,0.22
2023-06-28,865.28,1129.2884,76.62,0.2
2023-06-29,867.551,1129.2884,76.82,0.2
2023-06-30,870.491,1129.3614,77.08,0.26
2023-07-01,874.4794,1131.3073,77.3,0.35
2023-07-02,878.4355,1131.3073,77.65,0.35
2023-07-03,881.3098,1131.3073,77.9,0.25
2023-07-04,883.8471,1131.5324,78.11,0.22
2023-07-05,887.0109,1131.5324,78.39,0.28
2023-07-06,889.814,1131.5324,78.64,0.25
2023-07-07,893.1543,1131.5324,78.93,0.3
2023-07-08,897.187,1131.5324,79.29,0.36
2023-07-09,901.1457,1131.5324,79.64,0.35
2023-07-10,903.6132,1130.7264,79.91,0.22
2023-07-11,906.164,1130.7264,80.14,0.23
2023-07-12,908.914,1131.7264,80.31,0.24
2023-07-13,911.585,1131.7441,80.55,0.24
2023-07-14,914.8432,1131.7441,80.83,0.29
2023-07-15,919.1439,1131.7441,81.21,0.38
2023-07-16,923.4364,1131.7441,81.59,0.38
2023-07-17,926.6251,1131.7441,81.88,0.28
2023-07-18,929.2774,1131.7441,82.11,0.23
2023-07-19,931.7633,1131.7441,82.33,0.22
2023-07-20,934.2815,1131.8681,82.54,0.22
2023-07-21,937.2209,1131.8681,82.8,0.26
2023-07-22,941.0963,1131.8681,83.15,0.34
2023-07-23,945.2491,1131.8681,83.51,0.37
2023-07-24,948.1978,1131.8681,83.77,0.26
2023-07-25,951.0385,1131.8681,84.02,0.25
2023-07-26,954.0391,1131.8681,84.29,0.27
2023-07-27,956.9953,1131.8681,84.55,0.26
2023-07-28,959.8771,1131.8681,84.8,0.25
2023-07-29,964.0784,1131.8681,85.18,0.37
2023-07-30,968.4296,1131.8681,85.56,0.38
2023-07-31,971.8749,1131.8931,85.86,0.3
2023-08-01,973.8457,1135.7101,85.75,0.17
2023-08-02,977.1058,1135.7101,86.03,0.29
2023-08-03,980.1497,1135.9241,86.29,0.27
2023-08-04,982.6704,1135.9241,86.51,0.22
2023-08-05,986.1717,1135.9241,86.82,0.31
2023-08-06,989.815,1135.9241,87.14,0.32
2023-08-07,993.1994,1135.9241,87.44,0.3
2023-08-08,996.6019,1135.9241,87.73,0.3
2023-08-09,999.7139,1135.9241,88.01,0.27
2023-08-10,1002.7488,1135.9241,88.28,0.27
2023-08-11,1006.2534,1136.1241,88.57,0.31
2023-08-12,1010.4651,1136.1241,88.94,0.37
2023-08-13,1014.563,1136.1759,89.3,0.36
2023-08-14,1018.0724,1136.3558,89.59,0.31
2023-08-15,1021.2976,1138.1658,89.73,0.28
2023-08-16,1024.365,1138.2208,90.0,0.27
2023-08-17,1027.6695,1138.1969,90.29,0.29
2023-08-18,1031.1039,1138.1969,90.59,0.3
2023-08-19,1034.6734,1138.1969,90.9,0.31
2023-08-20,1037.9875,1138.1969,91.2,0.29
2023-08-21,1040.4294,1138.1965,91.41,0.21
2023-08-22,1041.1774,1138.1965,91.48,0.07
2023-08-23,1043.8583,1138.1965,91.71,0.24
2023-08-24,1045.3702,1138.5449,91.82,0.13
2023-08-25,1047.132,1138.5449,91.97,0.15
2023-08-26,1049.3046,1138.5449,92.16,0.19
2023-08-27,1051.7847,1138.5449,92.38,0.22
2023-08-28,1053.1458,1138.5449,92.5,0.12
2023-08-29,1053.7757,1138.5449,92.55,0.06
2023-08-30,1054.8582,1138.5449,92.65,0.1
2023-08-31,1055.1335,1137.0223,92.8,0.02
2023-09-01,1057.0346,1139.8653,92.73,0.17
2023-09-02,1058.9702,1141.6267,92.76,0.17
2023-09-03,1061.1745,1141.6267,92.95,0.19
2023-09-04,1062.4538,1141.6267,93.06,0.11
2023-09-05,1063.4788,1141.6267,93.15,0.09
2023-09-06,1064.0754,1141.7367,93.2,0.05
2023-09-07,1064.7107,1141.7367,93.25,0.06
2023-09-08,1065.4022,1141.8447,93.31,0.06
2023-09-09,1066.7721,1141.8447,93.43,0.12
2023-09-10,1068.0361,1141.8447,93.54,0.11
2023-09-11,1068.441,1141.8447,93.57,0.04
2023-09-12,1068.4304,1141.8447,93.57,-0.0
2023-09-13,1068.548,1141.8447,93.58,0.01
2023-09-14,1068.6707,1141.8507,93.59,0.01
2023-09-15,1069.3148,1141.8507,93.65,0.06
2023-09-16,1070.4533,1141.9367,93.74,0.1
2023-09-17,1071.9672,1141.9367,93.87,0.13
2023-09-18,1073.0119,1141.9367,93.96,0.09
2023-09-19,1074.0245,1141.8467,94.06,0.09
2023-09-20,1074.8786,1142.1261,94.11,0.07
2023-09-21,1075.9085,1142.1261,94.2,0.09
2023-09-22,1077.2962,1142.1261,94.32,0.12
2023-09-23,1079.3006,1142.2773,94.49,0.18
2023-09-24,1081.5512,1142.2773,94.68,0.2
2023-09-25,1082.9236,1142.2773,94.8,0.12
2023-09-26,1084.0457,1142.2773,94.9,0.1
2023-09-27,1085.5238,1142.3173,95.03,0.13
2023-09-28,1086.86,1142.2773,95.15,0.12
2023-09-29,1088.4738,1142.3373,95.28,0.14
2023-09-30,1088.9028,1140.2473,95.5,0.04
2023-10-01,1091.2594,1138.3057,95.87,0.21
2023-10-02,1093.0381,1138.3589,96.02,0.16
2023-10-03,1095.1852,1138.4642,96.2,0.19
2023-10-04,1096.8171,1138.4937,96.34,0.14
2023-10-05,1097.6489,1138.547,96.41,0.07
2023-10-06,1099.4933,1138.6779,96.56,0.16
2023-10-07,1101.4785,1138.6715,96.73,0.17
2023-10-08,1103.1731,1138.7248,96.88,0.15
2023-10-09,1104.2411,1138.8056,96.96,0.09
2023-10-10,1105.8517,1139.5929,97.04,0.14
2023-10-11,1107.6803,1139.6711,97.19,0.16
2023-10-12,1109.3281,1139.8044,97.33,0.14
2023-10-13,1111.7668,1139.83,97.54,0.21
2023-10-14,1114.325,1139.8833,97.76,0.22
2023-10-15,1116.189,1139.9366,97.92,0.16
2023-10-16,1116.5055,1140.0174,97.94,0.03
2023-10-17,1116.747,1140.0707,97.95,0.02
2023-10-18,1117.0182,1140.1239,97.97,0.02
2023-10-19,1117.6784,1140.2672,98.02,0.06
2023-10-20,1118.777,1140.3404,98.11,0.1
2023-10-21,1120.651,1140.3937,98.27,0.16
2023-10-22,1122.4947,1140.4194,98.43,0.16
2023-10-23,1123.0828,1140.5342,98.47,0.05
2023-10-24,1123.8158,1140.6152,98.53,0.06
2023-10-25,1124.2556,1137.5767,98.83,0.04
2023-10-26,1124.9151,1140.7217,98.61,0.06
2023-10-27,1125.5315,1140.7749,98.66,0.05
2023-10-28,1127.6216,1140.8282,98.84,0.18
2023-10-29,1129.5761,1140.8814,99.01,0.17
2023-10-30,1130.6172,1140.9347,99.1,0.09
2023-10-31,1131.7,1140.988,99.19,0.09
2023-11-01,1133.1705,1141.2936,99.29,0.13
2023-11-02,1134.0711,1141.2936,99.37,0.08
2023-11-03,1134.215,1141.3226,99.38,0.01
2023-11-04,1134.821,1141.3236,99.43,0.05
2023-11-05,1135.64,1141.3236,99.5,0.07
2023-11-06,1135.7301,1141.4672,99.5,0.01
2023-11-07,1135.5505,1141.4382,99.48,-0.02
2023-11-08,1135.0599,1141.4382,99.44,-0.04
2023-11-09,1134.6145,1141.4382,99.4,-0.04
2023-11-10,1134.0909,1141.4677,99.35,-0.05
2023-11-11,1134.2299,1141.4677,99.37,0.01
2023-11-12,1134.2922,1141.4677,99.37,0.01
2023-11-13,1133.4052,1141.4677,99.29,-0.08
2023-11-14,1133.1513,1141.4677,99.27,-0.02
2023-11-15,1132.6418,1141.4677,99.23,-0.04
2023-11-16,1130.6655,1141.2879,99.07,-0.17
2023-11-17,1128.8196,1141.2879,98.91,-0.16
2023-11-18,1128.0712,1141.3289,98.84,-0.07
2023-11-19,1128.4116,1141.3289,98.87,0.03
2023-11-20,1127.1018,1141.3289,98.75,-0.11
2023-11-21,1124.8585,1141.3289,98.56,-0.2
2023-11-22,1121.5706,1141.3289,98.27,-0.29
2023-11-23,1118.9599,1141.3629,98.04,-0.23
2023-11-24,1116.1641,1141.3629,97.79,-0.24
2023-11-25,1113.4702,1141.3629,97.56,-0.24
2023-11-26,1110.5006,1141.3979,97.29,-0.26
2023-11-27,1105.5639,1141.3979,96.86,-0.43
2023-11-28,1099.9153,1141.3979,96.37,-0.49
2023-11-29,1093.2389,1141.3979,95.78,-0.58
2023-11-30,1086.7034,1141.3979,95.21,-0.57
2023-12-01,1080.5421,1141.2834,94.68,-0.54
2023-12-02,1075.0608,1141.2834,94.2,-0.48
2023-12-03,1070.1878,1141.2834,93.77,-0.43
2023-12-04,1063.3818,1141.2834,93.17,-0.6
2023-12-05,1056.7791,1141.2834,92.6,-0.58
2023-12-06,1050.1022,1141.2834,92.01,-0.59
2023-12-07,1044.086,1141.2834,91.48,-0.53
2023-12-08,1039.2411,1141.2834,91.06,-0.42
2023-12-09,1036.3117,1141.2834,90.8,-0.26
2023-12-10,1034.0861,1141.2834,90.61,-0.2
2023-12-11,1030.4717,1141.2834,90.29,-0.32
2023-12-12,1026.5985,1141.2557,89.95,-0.34
2023-12-13,1022.6145,1141.2557,89.6,-0.35
2023-12-14,1018.2759,1141.2834,89.22,-0.38
2023-12-15,1014.5261,1141.2834,88.89,-0.33
2023-12-16,1012.7216,1141.2834,88.74,-0.16
2023-12-17,1010.6713,1141.2834,88.56,-0.18
2023-12-18,1006.602,1141.2834,88.2,-0.36
2023-12-19,1002.2363,1141.2834,87.82,-0.38
2023-12-20,998.5996,1141.2834,87.5,-0.32
2023-12-21,995.8264,1141.2834,87.25,-0.24
2023-12-22,993.8092,1141.2834,87.08,-0.18
2023-12-23,992.4714,1141.2834,86.96,-0.12
2023-12-24,991.9429,1141.2834,86.91,-0.05
2023-12-25,991.7394,1141.2834,86.9,-0.02
2023-12-26,990.9871,1141.2834,86.83,-0.07
2023-12-27,989.3271,1141.2834,86.69,-0.15
2023-12-28,988.1666,1141.2834,86.58,-0.1
2023-12-29,986.8246,1141.2834,86.47,-0.12
2023-12-30,985.7918,1141.2834,86.38,-0.09
2023-12-31,984.6128,1141.2834,86.27,-0.1
2024-01-01,982.8235,1141.2834,86.12,0.0
2024-01-02,980.3646,1141.2834,85.9,-0.22
2024-01-03,977.8049,1141.2834,85.68,-0.22
2024-01-04,973.9535,1141.2834,85.34,-0.34
2024-01-05,969.6804,1141.2834,84.96,-0.37
2024-01-06,965.4381,1141.2834,84.59,-0.37
2024-01-07,960.2621,1141.2834,84.14,-0.45
2024-01-08,951.289,1141.2834,83.35,-0.79
2024-01-09,941.6657,1141.2834,82.51,-0.84
2024-01-10,931.7757,1141.2834,81.64,-0.87
2024-01-11,922.197,1141.2834,80.8,-0.84
2024-01-12,913.6162,1141.2834,80.05,-0.75
2024-01-13,906.7272,1141.2834,79.45,-0.6
2024-01-14,900.4664,1141.2834,78.9,-0.55
2024-01-15,892.5677,1141.2834,78.21,-0.69
2024-01-16,883.9921,1141.2834,77.46,-0.75
2024-01-17,875.659,1141.2835,76.73,-0.73
2024-01-18,868.0469,1141.2835,76.06,-0.67
2024-01-19,860.243,1141.2835,75.38,-0.68
2024-01-20,853.8786,1141.2835,74.82,-0.56
2024-01-21,847.9545,1141.2835,74.3,-0.52
2024-01-22,842.0951,1141.2835,73.78,-0.51
2024-01-23,836.654,1141.2835,73.31,-0.48
2024-01-24,832.2717,1141.2835,72.92,-0.38
2024-01-25,827.669,1141.2835,72.52,-0.4
2024-01-26,823.4162,1141.2559,72.15,-0.37
2024-01-27,819.356,1141.2559,71.79,-0.36
2024-01-28,815.1971,1141.2835,71.43,-0.36
2024-01-29,809.796,1141.2835,70.95,-0.47
2024-01-30,804.5193,1141.2835,70.49,-0.46
2024-01-31,799.5583,1141.2835,70.06,-0.43
2024-02-01,794.5999,1141.2835,69.62,-0.43
2024-02-02,790.3394,1141.2835,69.25,-0.37
2024-02-03,787.8439,1141.2835,69.03,-0.22
2024-02-04,785.4001,1141.2835,68.82,-0.21
2024-02-05,781.7123,1141.2835,68.49,-0.32
2024-02-06,778.0658,1141.2835,68.17,-0.32
2024-02-07,773.3838,1141.2835,67.76,-0.41
2024-02-08,768.8824,1141.2835,67.37,-0.39
2024-02-09,765.9301,1141.2835,67.11,-0.26
2024-02-10,763.9623,1141.2835,66.94,-0.17
2024-02-11,761.8656,1137.8723,66.96,-0.18
2024-02-12,757.9335,1141.2835,66.41,-0.34
2024-02-13,753.9802,1141.2835,66.06,-0.35
2024-02-14,750.806,1141.2835,65.79,-0.28
2024-02-15,748.3018,1141.2835,65.57,-0.22
2024-02-16,746.2797,1141.2835,65.39,-0.18
2024-02-17,745.0395,1141.2835,65.28,-0.11
2024-02-18,743.8023,1141.2835,65.17,-0.11
2024-02-19,741.5295,1141.2835,64.97,-0.2
2024-02-20,739.1399,1141.2835,64.76,-0.21
2024-02-21,736.6726,1141.3835,64.54,-0.22
2024-02-22,734.2078,1141.3835,64.33,-0.22
2024-02-23,731.1868,1141.3835,64.06,-0.26
2024-02-24,728.9427,1141.3835,63.86,-0.2
2024-02-25,727.0986,1141.3835,63.7,-0.16
2024-02-26,723.4581,1141.3835,63.38,-0.32
2024-02-27,719.3716,1141.3835,63.03,-0.36
2024-02-28,715.4699,1141.3835,62.68,-0.34
2024-02-29,712.4841,1141.3835,62.42,-0.26
2024-03-01,710.2454,1141.3835,62.23,-0.2
2024-03-02,709.3771,1141.6129,62.14,-0.08
2024-03-03,708.6572,1141.6129,62.08,-0.06
2024-03-04,706.1442,1141.613,61.85,-0.22
2024-03-05,703.034,1141.613,61.58,-0.27
2024-03-06,699.4265,1141.613,61.27,-0.32
2024-03-07,696.2107,1141.613,60.98,-0.28
2024-03-08,693.5633,1141.613,60.75,-0.23
2024-03-09,692.3154,1141.613,60.64,-0.11
2024-03-10,691.4001,1141.613,60.56,-0.08
2024-03-11,688.6612,1141.613,60.32,-0.24
2024-03-12,685.7393,1141.613,60.07,-0.26
2024-03-13,683.3923,1141.613,59.86,-0.21
2024-03-14,683.1464,1141.613,59.84,-0.02
2024-03-15,681.7707,1141.613,59.72,-0.12
2024-03-16,681.4035,1141.5453,59.69,-0.03
2024-03-17,680.9728,1141.5453,59.65,-0.04
2024-03-18,679.3258,1141.5177,59.51,-0.14
2024-03-19,677.7172,1141.5177,59.37,-0.14
2024-03-20,676.5293,1141.5453,59.26,-0.1
2024-03-21,675.708,1141.5453,59.19,-0.07
2024-03-22,675.4096,1141.5453,59.17,-0.03
2024-03-23,675.6173,1141.5453,59.18,0.02
2024-03-24,675.3142,1141.5453,59.16,-0.03
2024-03-25,673.4159,1141.5453,58.99,-0.17
2024-03-26,672.2386,1141.5453,58.89,-0.1
2024-03-27,671.1349,1141.5453,58.79,-0.1
2024-03-28,669.9592,1141.5453,58.69,-0.1
2024-03-29,669.9592,1141.5453,58.69,0.0
2024-03-30,670.2893,1141.5453,58.72,0.03
2024-03-31,666.1458,1139.1544,58.48,-0.36
2024-04-01,669.1111,1129.916,59.22,0.26
2024-04-02,670.6287,1129.916,59.35,0.13
2024-04-03,671.3505,1130.1588,59.4,0.06
2024-04-04,671.7742,1130.1589,59.44,0.04
2024-04-05,673.6079,1130.1589,59.6,0.16
2024-04-06,677.2041,1125.6614,60.16,0.32
2024-04-07,680.1409,1125.6614,60.42,0.26
2024-04-08,683.4832,1125.6614,60.72,0.3
2024-04-09,685.2941,1130.1589,60.64,0.16
2024-04-10,686.8486,1130.1589,60.77,0.14
2024-04-11,688.9496,1125.6614,61.2,0.19
2024-04-12,691.7604,1125.6614,61.45,0.25
2024-04-13,695.7098,1125.6614,61.8,0.35
2024-04-14,699.3679,1125.6614,62.13,0.32
2024-04-15,701.5052,1125.6436,62.32,0.19
2024-04-16,702.7103,1130.1411,62.18,0.11
2024-04-17,702.7987,1130.4091,62.17,0.01
2024-04-18,702.5321,1130.4091,62.15,-0.02
2024-04-19,702.3462,1130.4091,62.13,-0.02
2024-04-20,702.9335,1130.4091,62.18,0.05
2024-04-21,703.514,1130.4091,62.24,0.05
2024-04-22,702.2528,1130.4091,62.12,-0.11
2024-04-23,700.6539,1130.4091,61.98,-0.14
2024-04-24,699.2015,1130.4091,61.85,-0.13
2024-04-25,697.8631,1130.4091,61.74,-0.12
2024-04-26,697.5113,1130.4091,61.7,-0.03
2024-04-27,699.0063,1130.4091,61.84,0.13
2024-04-28,701.3379,1130.4091,62.04,0.21
2024-04-29,703.2102,1130.4091,62.21,0.17
2024-04-30,705.7761,1130.4091,62.44,0.23
2024-05-01,708.9415,1130.7807,62.69,0.28
2024-05-02,711.8372,1132.0607,62.88,0.26
2024-05-03,714.1125,1132.0607,63.08,0.2
2024-05-04,716.8069,1132.0607,63.32,0.24
2024-05-05,719.6126,1133.0607,63.51,0.25
2024-05-06,721.7591,1133.0607,63.7,0.19
2024-05-07,723.2142,1133.0607,63.83,0.13
2024-05-08,724.4164,1133.0607,63.93,0.11
2024-05-09,727.319,1133.0607,64.19,0.26
2024-05-10,730.4044,1133.0607,64.46,0.27
2024-05-11,734.4311,1133.0607,64.82,0.36
2024-05-12,738.6014,1133.0607,65.19,0.37
2024-05-13,742.0061,1133.0607,65.49,0.3
2024-05-14,745.4346,1133.0607,65.79,0.3
2024-05-15,748.5274,1133.0607,66.06,0.27
2024-05-16,751.0707,1133.0607,66.29,0.22
2024-05-17,753.8838,1133.0607,66.54,0.25
2024-05-18,757.264,1133.0607,66.83,0.3
2024-05-19,760.7549,1133.0607,67.14,0.31
2024-05-20,763.6009,1133.0607,67.39,0.25
2024-05-21,765.1428,1133.0607,67.53,0.14
2024-05-22,767.3966,1133.0607,67.73,0.2
2024-05-23,770.0577,1133.0607,67.96,0.23
2024-05-24,772.6885,1133.0607,68.19,0.23
2024-05-25,775.9266,1133.0607,68.48,0.29
2024-05-26,779.7599,1133.0607,68.82,0.34
2024-05-27,782.4725,1133.0607,69.06,0.24
2024-05-28,784.916,1133.0607,69.27,0.22
2024-05-29,787.2028,1133.0607,69.48,0.2
2024-05-30,789.7389,1133.0607,69.7,0.22
2024-05-31,792.9097,1133.0607,69.98,0.28
2024-06-01,795.5348,1134.5981,70.12,0.23
2024-06-02,798.6805,1134.5981,70.39,0.28
2024-06-03,800.5558,1134.5981,70.56,0.17
2024-06-04,802.3301,1134.5981,70.71,0.16
2024-06-05,804.2831,1134.5981,70.89,0.17
2024-06-06,806.8609,1134.5981,71.11,0.23
2024-06-07,809.2998,1134.5981,71.33,0.21
2024-06-08,812.5253,1134.5981,71.61,0.28
2024-06-09,815.7288,1134.5981,71.9,0.28
2024-06-10,817.9674,1133.7861,72.14,0.2
2024-06-11,819.9515,1133.7861,72.32,0.17
2024-06-12,821.98,1133.7861,72.5,0.18
2024-06-13,824.2484,1133.7861,72.7,0.2
2024-06-14,827.4555,1133.7861,72.98,0.28
2024-06-15,831.1865,1134.5861,73.26,0.33
2024-06-16,832.8353,1134.5861,73.4,0.15
2024-06-17,837.9257,1134.5861,73.85,0.45
2024-06-18,840.5822,1134.5861,74.09,0.23
2024-06-19,843.4487,1134.5861,74.34,0.25
2024-06-20,845.9513,1134.5861,74.56,0.22
2024-06-21,848.6039,1134.5861,74.79,0.23
2024-06-22,852.4008,1134.5861,75.13,0.33
2024-06-23,856.2176,1134.4843,75.47,0.34
2024-06-24,859.1098,1134.5861,75.72,0.25
2024-06-25,861.9297,1134.5861,75.97,0.25
2024-06-26,864.8598,1134.5861,76.23,0.26
2024-06-27,867.895,1135.1711,76.45,0.27
2024-06-28,871.1888,1135.1505,76.75,0.29
2024-06-29,874.9805,1135.1505,77.08,0.33
2024-06-30,878.8032,1135.1505,77.42,0.34
2024-07-01,881.5666,1135.1505,77.66,0.24
2024-07-02,884.4195,1135.1505,77.91,0.25
2024-07-03,887.228,1135.1505,78.16,0.25
2024-07-04,890.3107,1135.1505,78.43,0.27
2024-07-05,893.5202,1135.1505,78.71,0.28
2024-07-06,897.0592,1135.6492,78.99,0.31
2024-07-07,900.5516,1135.6492,79.3,0.31
2024-07-08,903.7771,1135.6492,79.58,0.28
2024-07-09,906.8107,1135.6492,79.85,0.27
2024-07-10,909.6302,1135.7735,80.09,0.25
2024-07-11,912.2059,1135.7735,80.32,0.23
2024-07-12,914.8096,1135.7735,80.55,0.23
2024-07-13,918.0186,1135.7735,80.83,0.28
2024-07-14,921.3442,1135.7735,81.12,0.29
2024-07-15,924.0643,1135.7735,81.36,0.24
2024-07-16,926.697,1135.7735,81.59,0.23
2024-07-17,929.1794,1135.7735,81.81,0.22
2024-07-18,931.4619,1135.7735,82.01,0.2
2024-07-19,934.2312,1135.7735,82.26,0.24
2024-07-20,937.7588,1135.7735,82.57,0.31
2024-07-21,941.4457,1135.7735,82.89,0.32
2024-07-22,944.1683,1135.7735,83.13,0.24
2024-07-23,946.5927,1135.7735,83.34,0.21
2024-07-24,949.0506,1136.6711,83.49,0.22
2024-07-25,951.4531,1137.2211,83.66,0.21
2024-07-26,954.0147,1137.2211,83.89,0.23
2024-07-27,957.2097,1137.2211,84.17,0.28
2024-07-28,960.6125,1137.2211,84.47,0.3
2024-07-29,963.1391,1137.2211,84.69,0.22
2024-07-30,965.5134,1137.2211,84.9,0.21
2024-07-31,967.8472,1137.2211,85.11,0.21
2024-08-01,969.3184,1137.7465,85.2,0.13
2024-08-02,971.9194,1137.7465,85.42,0.23
2024-08-03,975.1823,1137.7465,85.71,0.29
2024-08-04,978.54,1137.7465,86.01,0.3
2024-08-05,981.1433,1137.7465,86.24,0.23
2024-08-06,983.4548,1138.0965,86.41,0.2
2024-08-07,985.9234,1138.0965,86.63,0.22
2024-08-08,988.324,1138.0965,86.84,0.21
2024-08-09,991.1644,1138.0965,87.09,0.25
2024-08-10,994.2652,1138.0965,87.36,0.27
2024-08-11,998.2705,1138.0965,87.71,0.35
2024-08-12,1000.4787,1138.0965,87.91,0.19
2024-08-13,1003.5796,1138.1964,88.17,0.27
2024-08-14,1006.6193,1138.5747,88.41,0.27
2024-08-15,1010.1989,1138.6959,88.72,0.31
2024-08-16,1013.6429,1138.6959,89.02,0.3
2024-08-17,1017.5131,1138.6959,89.36,0.34
2024-08-18,1021.5357,1138.6959,89.71,0.35
2024-08-19,1024.5295,1138.7989,89.97,0.26
2024-08-20,1027.4617,1138.7989,90.22,0.26
2024-08-21,1030.369,1138.7989,90.48,0.26
2024-08-22,1033.1516,1138.7989,90.72,0.24
2024-08-23,1036.1411,1138.7989,90.99,0.26
2024-08-24,1040.3056,1139.6109,91.29,0.37
2024-08-25,1043.8707,1139.6109,91.6,0.31
2024-08-26,1045.7776,1139.6109,91.77,0.17
2024-08-27,1047.9527,1139.6109,91.96,0.19
2024-08-28,1050.0513,1142.3538,91.92,0.18
2024-08-29,1051.6295,1142.5292,92.04,0.14
2024-08-30,1053.2147,1142.5292,92.18,0.14
2024-08-31,1055.5968,1142.5292,92.39,0.21
2024-09-01,1058.0498,1145.6208,92.36,0.21
2024-09-02,1059.3972,1145.6208,92.47,0.12
2024-09-03,1059.9998,1145.6208,92.53,0.05
2024-09-04,1060.5024,1145.6208,92.57,0.04
2024-09-05,1061.2942,1145.6208,92.64,0.07
2024-09-06,1062.3533,1145.6858,92.73,0.09
2024-09-07,1063.4202,1145.6858,92.82,0.09
2024-09-08,1064.8832,1145.6858,92.95,0.13
2024-09-09,1065.9971,1145.6858,93.04,0.1
2024-09-10,1067.1731,1145.6858,93.15,0.1
2024-09-11,1067.7545,1145.6858,93.2,0.05
2024-09-12,1067.7663,1145.6858,93.2,0.0
2024-09-13,1068.0451,1145.6858,93.22,0.02
2024-09-14,1068.6857,1145.6858,93.28,0.06
2024-09-15,1069.6373,1145.6858,93.36,0.08
2024-09-16,1069.7927,1145.6868,93.38,0.01
2024-09-17,1069.9616,1145.8758,93.38,0.01
2024-09-18,1070.6183,1145.8758,93.43,0.06
2024-09-19,1071.279,1145.8929,93.49,0.06
2024-09-20,1072.1151,1145.8929,93.56,0.07
2024-09-21,1073.5915,1145.8929,93.69,0.13
2024-09-22,1074.9676,1145.8929,93.81,0.12
2024-09-23,1075.3317,1145.8929,93.84,0.03
2024-09-24,1076.0205,1145.8929,93.9,0.06
2024-09-25,1076.8471,1145.8929,93.97,0.07
2024-09-26,1077.4228,1146.1425,94.0,0.05
2024-09-27,1078.3043,1146.1425,94.08,0.08
2024-09-28,1079.6547,1146.1425,94.2,0.12
2024-09-29,1080.9931,1146.1425,94.32,0.12
2024-09-30,1081.3933,1146.1425,94.35,0.03
2024-10-01,1082.021,1147.2981,94.31,0.05
2024-10-02,1081.6254,1147.2981,94.28,-0.03
2024-10-03,1081.7742,1147.2981,94.29,0.01
2024-10-04,1082.1023,1147.2981,94.32,0.03
2024-10-05,1083.2066,1147.2981,94.41,0.1
2024-10-06,1084.4697,1147.2981,94.52,0.11
2024-10-07,1084.9203,1147.2981,94.56,0.04
2024-10-08,1085.9377,1147.2931,94.65,0.09
2024-10-09,1087.122,1147.2931,94.76,0.1
2024-10-10,1088.0113,1147.2931,94.83,0.08
2024-10-11,1088.5717,1147.2031,94.89,0.05
2024-10-12,1089.5707,1147.2331,94.97,0.09
2024-10-13,1090.5725,1147.2331,95.06,0.09
2024-10-14,1090.0551,1147.3331,95.01,-0.05
2024-10-15,1090.1778,1147.5331,95.0,0.01
2024-10-16,1090.7144,1147.5831,95.04,0.05
2024-10-17,1091.0995,1147.5831,95.08,0.03
2024-10-18,1091.3743,1147.6116,95.1,0.02
2024-10-19,1092.4893,1147.6116,95.2,0.1
2024-10-20,1093.7417,1147.6116,95.31,0.11
2024-10-21,1093.9419,1147.6116,95.32,0.02
2024-10-22,1093.8088,1147.6116,95.31,-0.01
2024-10-23,1093.1594,1147.6116,95.26,-0.06
2024-10-24,1092.6855,1147.6116,95.21,-0.04
2024-10-25,1092.5842,1147.6116,95.21,-0.01
2024-10-26,1093.3114,1147.6116,95.27,0.06
2024-10-27,1093.77,1147.6116,95.31,0.04
2024-10-28,1093.8498,1147.6726,95.31,0.01
2024-10-29,1092.7145,1147.6726,95.21,-0.1
2024-10-30,1092.7369,1147.7026,95.21,0.0
2024-10-31,1092.2695,1147.7026,95.17,-0.04
2024-11-01,1092.7379,1147.7026,95.21,0.04
2024-11-02,1092.8884,1147.7026,95.22,0.01
2024-11-03,1092.5872,1147.7026,95.2,-0.03
2024-11-04,1090.3432,1147.7026,95.0,-0.2
2024-11-05,1087.2813,1147.7026,94.74,-0.27
2024-11-06,1083.5078,1147.7026,94.41,-0.33
2024-11-07,1079.5825,1147.7026,94.06,-0.34
2024-11-08,1076.1116,1147.7026,93.76,-0.3
2024-11-09,1073.5011,1147.7026,93.53,-0.23
2024-11-10,1071.1242,1147.7026,93.33,-0.21
2024-11-11,1067.8764,1147.7026,93.04,-0.28
2024-11-12,1062.5534,1147.7026,92.58,-0.46
2024-11-13,1057.0316,1147.7026,92.1,-0.48
2024-11-14,1052.0301,1147.7026,91.66,-0.44
2024-11-15,1047.4951,1147.7026,91.27,-0.4
2024-11-16,1044.4619,1147.7026,91.0,-0.26
2024-11-17,1041.4584,1147.7026,90.74,-0.26
2024-11-18,1036.433,1147.7026,90.31,-0.44
2024-11-19,1031.3818,1147.7026,89.86,-0.44
2024-11-20,1026.2251,1147.8226,89.41,-0.45
2024-11-21,1019.7397,1147.8226,88.84,-0.57
2024-11-22,1013.3609,1147.8226,88.29,-0.56
2024-11-23,1008.9186,1147.8226,87.9,-0.39
2024-11-24,1006.5843,1147.8226,87.7,-0.2
2024-11-25,1003.4706,1147.8226,87.42,-0.27
2024-11-26,999.1301,1147.8226,87.05,-0.38
2024-11-27,994.5277,1147.8226,86.64,-0.4
2024-11-28,989.559,1147.8226,86.21,-0.43
2024-11-29,984.1403,1147.8226,85.74,-0.47
2024-11-30,980.3169,1147.8226,85.41,-0.33
2024-12-01,976.5291,1147.8226,85.08,-0.33
2024-12-02,971.6369,1147.8226,84.65,-0.43
2024-12-03,965.894,1147.8226,84.15,-0.5
2024-12-04,959.516,1147.7616,83.6,-0.56
2024-12-05,953.8865,1147.7616,83.11,-0.49
2024-12-06,949.0952,1147.7616,82.69,-0.42
2024-12-07,945.277,1147.7616,82.36,-0.33
2024-12-08,941.6223,1147.7616,82.04,-0.32
2024-12-09,935.878,1147.7616,81.54,-0.5
2024-12-10,928.3729,1147.7616,80.89,-0.65
2024-12-11,920.1357,1147.8346,80.16,-0.72
2024-12-12,911.8497,1147.8346,79.44,-0.72
2024-12-13,904.0645,1147.8346,78.76,-0.68
2024-12-14,898.4746,1147.8346,78.28,-0.49
2024-12-15,894.3206,1147.8346,77.91,-0.36
2024-12-16,889.5879,1147.8346,77.5,-0.41
2024-12-17,884.946,1147.8346,77.1,-0.4
2024-12-18,880.7775,1147.8346,76.73,-0.36
2024-12-19,877.6401,1147.8346,76.46,-0.27
2024-12-20,873.6681,1147.8346,76.11,-0.35
2024-12-21,870.9826,1147.8346,75.88,-0.23
2024-12-22,868.2422,1147.8346,75.64,-0.24
2024-12-23,864.3377,1147.8346,75.3,-0.34
2024-12-24,860.7774,1147.8346,74.99,-0.31
2024-12-25,858.1947,1147.8346,74.77,-0.23
2024-12-26,854.6203,1147.8346,74.46,-0.31
2024-12-27,849.3725,1147.8346,74.0,-0.46
2024-12-28,844.0245,1147.8346,73.53,-0.47
2024-12-29,838.9953,1147.8346,73.09,-0.44
2024-12-30,832.0439,1147.8346,72.49,-0.61
2024-12-31,828.2722,1147.8346,72.16,-0.33
2025-01-01,824.1155,1147.6446,71.81,0.0
2025-01-02,818.5835,1147.6446,71.33,-0.48
2025-01-03,811.9318,1147.6446,70.75,-0.58
2025-01-04,805.4288,1147.6446,70.18,-0.57
2025-01-05,800.1648,1147.6446,69.72,-0.46
2025-01-06,795.5577,1147.6446,69.32,-0.4
2025-01-07,789.9718,1147.6446,68.83,-0.49
2025-01-08,783.1635,1147.6446,68.24,-0.59
2025-01-09,776.2382,1147.6446,67.64,-0.6
2025-01-10,769.1061,1149.6521,66.9,-0.62
2025-01-11,762.0499,1147.6446,66.4,-0.61
2025-01-12,754.8549,1147.6446,65.77,-0.63
2025-01-13,745.7917,1147.6446,64.98,-0.79
2025-01-14,736.251,1147.6446,64.15,-0.83
2025-01-15,727.0294,1147.6446,63.35,-0.8
2025-01-16,717.9979,1147.6446,62.56,-0.79
2025-01-17,708.311,1147.6446,61.72,-0.84
2025-01-18,699.6927,1147.6446,60.97,-0.75
2025-01-19,691.0199,1147.6446,60.21,-0.76
2025-01-20,680.858,1147.6446,59.33,-0.89
2025-01-21,670.1654,1147.6446,58.39,-0.93
2025-01-22,661.0268,1147.6446,57.6,-0.8
2025-01-23,654.3342,1147.6446,57.02,-0.58
2025-01-24,648.7409,1147.6446,56.53,-0.49
2025-01-25,644.7389,1147.6446,56.18,-0.35
2025-01-26,640.5664,1149.6521,55.72,-0.36
2025-01-27,636.1854,1147.6446,55.43,-0.38
2025-01-28,631.7915,1147.6446,55.05,-0.38
2025-01-29,627.1568,1147.6446,54.65,-0.4
2025-01-30,621.2938,1147.6446,54.14,-0.51
2025-01-31,615.0046,1147.6446,53.59,-0.55
2025-02-01,609.7506,1147.7502,53.13,-0.46
2025-02-02,604.1699,1149.7577,52.55,-0.49
2025-02-03,596.465,1147.7502,51.97,-0.67
2025-02-04,588.7688,1149.7577,51.21,-0.67
2025-02-05,580.9545,1147.7502,50.62,-0.68
2025-02-06,573.5285,1147.7502,49.97,-0.65
2025-02-07,567.0777,1147.7502,49.41,-0.56
2025-02-08,561.4825,1147.7502,48.92,-0.49
2025-02-09,556.2994,1149.7577,48.38,-0.45
2025-02-10,549.5619,1147.7502,47.88,-0.59
2025-02-11,542.1613,1147.7502,47.24,-0.64
2025-02-12,534.5181,1149.7577,46.49,-0.66
2025-02-13,526.7664,1147.7502,45.9,-0.68
2025-02-14,518.7628,1147.7502,45.2,-0.7
2025-02-15,512.098,1147.7502,44.62,-0.58
2025-02-16,505.744,1147.7502,44.06,-0.55
2025-02-17,497.3774,1147.7502,43.33,-0.73
2025-02-18,488.8278,1147.7502,42.59,-0.74
2025-02-19,481.3333,1149.9987,41.86,-0.65
2025-02-20,475.2035,1149.9987,41.32,-0.53
2025-02-21,470.9774,1149.9987,40.95,-0.37
2025-02-22,468.0365,1149.9987,40.7,-0.26
2025-02-23,465.8165,1149.7577,40.51,-0.19
2025-02-24,462.4295,1149.7577,40.22,-0.29
2025-02-25,458.2221,1149.7577,39.85,-0.37
2025-02-26,453.8075,1149.7577,39.47,-0.38
2025-02-27,449.0092,1149.7577,39.05,-0.42
2025-02-28,438.9927,1149.7577,38.18,-0.87
2025-03-01,438.332,1148.5719,38.16,-0.06
2025-03-02,435.4441,1148.5719,37.91,-0.25
2025-03-03,431.3793,1148.5719,37.56,-0.35
2025-03-04,427.7978,1148.572,37.25,-0.31
2025-03-05,424.9185,1148.572,37.0,-0.25
2025-03-06,422.7689,1148.572,36.81,-0.19
2025-03-07,421.0133,1148.572,36.66,-0.15
2025-03-08,420.7237,1148.5721,36.63,-0.03
2025-03-09,420.3974,1148.5722,36.6,-0.03
2025-03-10,418.35,1148.5723,36.42,-0.18
2025-03-11,415.3113,1148.5723,36.16,-0.26
2025-03-12,411.5052,1148.5723,35.83,-0.33
2025-03-13,407.4191,1148.5724,35.47,-0.36
2025-03-14,403.8788,1148.5725,35.16,-0.31
2025-03-15,401.5407,1148.5726,34.96,-0.2
2025-03-16,399.4292,1148.5726,34.78,-0.18
2025-03-17,395.9337,1148.5726,34.47,-0.3
2025-03-18,392.7138,1148.5727,34.19,-0.28
2025-03-19,390.0208,1148.5727,33.96,-0.23
2025-03-20,388.3289,1148.5729,33.81,-0.15
2025-03-21,387.9437,1148.5731,33.78,-0.03
2025-03-22,388.6284,1148.5732,33.84,0.06
2025-03-23,389.0064,1148.5734,33.87,0.03
2025-03-24,387.7754,1148.5735,33.76,-0.11
2025-03-25,386.5466,1148.5738,33.65,-0.11
2025-03-26,385.4159,1148.5741,33.56,-0.1
2025-03-27,384.8768,1148.5742,33.51,-0.05
2025-03-28,384.9341,1148.5747,33.51,0.0
2025-03-29,385.7546,1148.5747,33.59,0.07
2025-03-30,386.7327,1148.5747,33.67,0.09
2025-03-31,387.5658,1146.5096,33.8,0.07
2025-04-01,387.6746,1130.2509,34.3,0.01
2025-04-02,388.6443,1129.714,34.4,0.09
2025-04-03,389.4104,1129.714,34.47,0.07
2025-04-04,391.0148,1129.714,34.61,0.14
2025-04-05,393.2683,1129.714,34.81,0.2
2025-04-06,395.6378,1129.714,35.02,0.21
2025-04-07,395.4332,1129.7124,35.0,-0.02
2025-04-08,395.1828,1129.7121,34.98,-0.02
2025-04-09,395.2641,1129.7121,34.99,0.01
2025-04-10,395.6829,1129.7121,35.03,0.04
2025-04-11,396.7629,1129.7121,35.12,0.1
2025-04-12,399.4541,1129.7121,35.36,0.24
2025-04-13,402.479,1129.7121,35.63,0.27
2025-04-14,404.5345,1129.7121,35.81,0.18
2025-04-15,406.4016,1129.5277,35.98,0.17
2025-04-16,407.8693,1129.5277,36.11,0.13
2025-04-17,409.5489,1129.5277,36.26,0.15
2025-04-18,411.7976,1129.5277,36.46,0.2
2025-04-19,415.069,1129.5277,36.75,0.29
2025-04-20,418.4597,1129.5277,37.05,0.3
2025-04-21,421.6516,1129.5277,37.33,0.28
2025-04-22,424.0635,1129.5277,37.54,0.21
2025-04-23,426.2899,1129.5277,37.74,0.2
2025-04-24,428.3526,1129.5277,37.92,0.18
2025-04-25,430.8406,1129.5277,38.14,0.22
2025-04-26,434.0204,1129.5277,38.42,0.28
2025-04-27,437.0962,1129.5277,38.7,0.27
2025-04-28,440.0938,1129.487,38.96,0.27
2025-04-29,443.0395,1129.3285,39.23,0.26
2025-04-30,446.4651,1129.4401,39.53,0.3
2025-05-01,451.046,1130.3984,39.9,0.41
2025-05-02,455.5432,1130.3984,40.3,0.4
2025-05-03,460.5519,1130.3984,40.74,0.44
2025-05-04,465.0759,1130.3984,41.14,0.4
2025-05-05,468.0224,1130.3984,41.4,0.26
2025-05-06,470.5283,1131.3342,41.59,0.22
2025-05-07,472.827,1131.3342,41.79,0.2
2025-05-08,473.9098,1130.3984,41.92,0.1
2025-05-09,476.5988,1130.3984,42.16,0.24
2025-05-10,480.445,1131.3342,42.47,0.34
2025-05-11,484.5063,1131.3343,42.83,0.36
2025-05-12,487.7306,1131.7337,43.1,0.28
2025-05-13,490.6674,1131.7337,43.36,0.26
2025-05-14,493.8821,1131.7337,43.64,0.28
2025-05-15,496.6239,1131.7337,43.88,0.24
2025-05-16,499.3776,1131.7337,44.13,0.24
2025-05-17,502.833,1131.7337,44.43,0.31
2025-05-18,506.054,1131.7337,44.71,0.28
2025-05-19,508.4645,1131.7337,44.93,0.21
2025-05-20,511.0729,1131.7337,45.16,0.23
2025-05-21,512.5248,1131.7337,45.29,0.13
2025-05-22,514.6294,1131.7337,45.47,0.19
2025-05-23,517.1379,1131.7337,45.69,0.22
2025-05-24,520.3227,1132.2823,45.95,0.28
2025-05-25,524.382,1132.2823,46.31,0.36
2025-05-26,527.6026,1132.2823,46.6,0.28
2025-05-27,530.8541,1132.2823,46.88,0.29
2025-05-28,534.1083,1132.2823,47.17,0.29
2025-05-29,538.1239,1132.2823,47.53,0.35
2025-05-30,542.3017,1132.2823,47.89,0.37
2025-05-31,547.3702,1132.2823,48.34,0.45
2025-06-01,554.2967,1134.0428,48.88,0.61
2025-06-02,558.1412,1134.0428,49.22,0.34
2025-06-03,561.933,1134.0428,49.55,0.33
2025-06-04,565.749,1134.0428,49.89,0.34
2025-06-05,568.9069,1134.0428,50.17,0.28
2025-06-06,573.0248,1134.0428,50.53,0.36
2025-06-07,578.0355,1134.0428,50.97,0.44
2025-06-08,582.9537,1134.0428,51.4,0.43
2025-06-09,587.3371,1134.0428,51.79,0.39
2025-06-10,591.0686,1134.0428,52.12,0.33
2025-06-11,594.7098,1134.0428,52.44,0.32
2025-06-12,598.197,1134.0428,52.75,0.31
2025-06-13,601.2336,1134.0428,53.02,0.27
2025-06-14,605.5624,1134.0428,53.4,0.38
2025-06-15,609.875,1134.0428,53.78,0.38
2025-06-16,613.1742,1134.0428,54.07,0.29
2025-06-17,616.7316,1134.0428,54.38,0.31
2025-06-18,620.5082,1134.0428,54.72,0.33
2025-06-19,624.356,1134.0428,55.06,0.34
2025-06-20,628.224,1134.0428,55.4,0.34
2025-06-21,632.9427,1134.0429,55.81,0.42
2025-06-22,637.7261,1134.0429,56.23,0.42
2025-06-23,641.762,1134.0429,56.59,0.36
2025-06-24,645.3566,1134.0429,56.91,0.32
2025-06-25,648.3348,1134.0429,57.17,0.26
2025-06-26,651.2044,1134.0429,57.42,0.25
2025-06-27,655.1932,1134.0429,57.77,0.35
2025-06-28,659.7692,1134.0429,58.18,0.4
2025-06-29,664.4431,1134.0429,58.59,0.41
2025-06-30,667.9449,1134.0429,58.9,0.31
2025-07-01,670.7453,1134.0429,59.15,0.25
2025-07-02,674.0766,1134.0429,59.44,0.29
2025-07-03,676.9345,1134.0463,59.69,0.25
2025-07-04,680.1492,1134.046,59.98,0.28
2025-07-05,683.8555,1134.0457,60.3,0.33
2025-07-06,687.8204,1134.0456,60.65,0.35
2025-07-07,691.1066,1134.0456,60.94,0.29
2025-07-08,698.4266,1134.0455,61.59,0.65
2025-07-09,698.1407,1134.0454,61.56,-0.03
2025-07-10,702.056,1133.8586,61.92,0.35
2025-07-11,705.7032,1133.9381,62.23,0.32
2025-07-12,710.2419,1133.9381,62.63,0.4
2025-07-13,714.6148,1133.9381,63.02,0.39
2025-07-14,718.0468,1133.9381,63.32,0.3
2025-07-15,721.2713,1133.9381,63.61,0.28
2025-07-16,723.6439,1133.9381,63.82,0.21
2025-07-17,726.3195,1133.9381,64.05,0.24
2025-07-18,729.5904,1133.9381,64.34,0.29
2025-07-19,733.6984,1133.9381,64.7,0.36
2025-07-20,737.9326,1133.9381,65.08,0.37
2025-07-21,741.1396,1133.9381,65.36,0.28
2025-07-22,744.4957,1133.9778,65.65,0.3
2025-07-23,747.7495,1133.9778,65.94,0.29
2025-07-24,750.5542,1133.9778,66.19,0.25
2025-07-25,753.7458,1133.9778,66.47,0.28
2025-07-26,757.8855,1133.9778,66.83,0.37
2025-07-27,762.9945,1133.9778,67.28,0.45
2025-07-28,766.4301,1133.9778,67.59,0.3
2025-07-29,770.4294,1133.9778,67.94,0.35
2025-07-30,774.3315,1133.9778,68.28,0.34
2025-07-31,777.6828,1134.0588,68.58,0.3
2025-08-01,781.3814,1134.8745,68.85,0.33
2025-08-02,785.7627,1134.8745,69.24,0.39
2025-08-03,790.1456,1134.8745,69.62,0.39
2025-08-04,793.9788,1134.8745,69.96,0.34
2025-08-05,797.7614,1134.8745,70.3,0.33
2025-08-06,801.4235,1134.8745,70.62,0.32
2025-08-07,804.99,1134.8745,70.93,0.31
2025-08-08,808.5427,1134.8745,71.25,0.31
2025-08-09,812.6139,1135.3745,71.57,0.36
2025-08-10,817.5365,1135.3745,72.01,0.43
2025-08-11,820.9914,1135.3745,72.31,0.3
2025-08-12,823.9587,1135.9033,72.54,0.26
2025-08-13,826.6932,1136.4733,72.74,0.24
2025-08-14,829.5619,1136.4733,72.99,0.25
2025-08-15,833.0921,1136.4733,73.31,0.31
2025-08-16,836.7871,1136.513,73.63,0.33
2025-08-17,840.4749,1136.513,73.95,0.32
2025-08-18,843.7771,1136.513,74.24,0.29
2025-08-19,847.0535,1136.513,74.53,0.29
2025-08-20,850.11,1136.513,74.8,0.27
2025-08-21,853.2998,1136.513,75.08,0.28
2025-08-22,856.3328,1136.513,75.35,0.27
2025-08-23,859.9587,1136.513,75.67,0.32
2025-08-24,863.6361,1136.513,75.99,0.32
2025-08-25,866.4489,1136.513,76.24,0.25
2025-08-26,868.9304,1136.513,76.46,0.22
2025-08-27,871.0767,1136.513,76.64,0.19
2025-08-28,873.3465,1136.3907,76.85,0.2
2025-08-29,876.0092,1136.3907,77.09,0.23
2025-08-30,879.3787,1136.3907,77.38,0.3
2025-08-31,882.4131,1136.3907,77.65,0.27
2025-09-01,887.907,1136.814,78.1,0.48
2025-09-02,890.2405,1137.114,78.29,0.21
2025-09-03,892.8834,1137.289,78.51,0.23
2025-09-04,895.5008,1137.344,78.74,0.23
2025-09-05,897.9175,1137.344,78.95,0.21
2025-09-06,900.9769,1137.594,79.2,0.27
2025-09-07,904.1357,1137.594,79.48,0.28
2025-09-08,905.8998,1137.594,79.63,0.16
2025-09-09,907.2578,1137.878,79.73,0.12
2025-09-10,908.6674,1137.878,79.86,0.12
2025-09-11,910.0601,1137.878,79.98,0.12
2025-09-12,912.0313,1138.39,80.12,0.17
2025-09-13,914.7343,1138.39,80.35,0.24
2025-09-14,917.5251,1138.39,80.6,0.25
2025-09-15,920.1172,1138.39,80.83,0.23
2025-09-16,921.7775,1138.39,80.97,0.15
2025-09-17,923.119,1138.39,81.09,0.12
2025-09-18,924.7272,1138.39,81.23,0.14
2025-09-19,926.3952,1138.39,81.38,0.15
2025-09-20,929.0938,1138.39,81.61,0.24
2025-09-21,931.8047,1138.39,81.85,0.24
2025-09-22,933.0575,1138.39,81.96,0.11
2025-09-23,933.8856,1138.95,82.0,0.07
2025-09-24,934.6222,1139.43,82.03,0.06
2025-09-25,935.336,1139.469,82.09,0.06
2025-09-26,936.3198,1139.469,82.17,0.09
2025-09-27,938.2152,1139.469,82.34,0.17
2025-09-28,940.0407,1139.469,82.5,0.16
2025-09-29,941.0451,1139.469,82.59,0.09
2025-09-30,940.0239,1139.469,82.5,-0.09
2025-10-01,942.5355,1141.2271,82.59,0.22
2025-10-02,942.028,1141.2271,82.55,-0.04
2025-10-03,942.7987,1141.2271,82.61,0.07
2025-10-04,944.3444,1141.2271,82.75,0.14
2025-10-05,945.7642,1141.1118,82.88,0.12
2025-10-06,945.8675,1141.1618,82.89,0.01
2025-10-07,945.6054,1141.1618,82.86,-0.02
2025-10-08,945.2087,1141.1617,82.83,-0.03
2025-10-09,945.1389,1141.1617,82.82,-0.01
2025-10-10,945.7986,1141.1617,82.88,0.06
2025-10-11,947.5078,1141.1617,83.03,0.15
2025-10-12,948.8615,1141.1617,83.15,0.12
2025-10-13,948.2454,1141.1617,83.09,-0.05
2025-10-14,947.5837,1141.1617,83.04,-0.06
2025-10-15,946.3455,1141.1617,82.93,-0.11
2025-10-16,944.9809,1141.1617,82.81,-0.12
2025-10-17,944.4181,1141.3367,82.75,-0.05
2025-10-18,944.8355,1141.3367,82.78,0.04
2025-10-19,945.4364,1141.3367,82.84,0.05
2025-10-20,945.3056,1141.3367,82.82,-0.01
2025-10-21,945.19,1141.3208,82.82,-0.01
2025-10-22,945.2323,1141.3208,82.82,0.0
2025-10-23,945.644,1141.3208,82.86,0.04
2025-10-24,945.7411,1141.3208,82.86,0.01
2025-10-25,946.1085,1142.8285,82.79,0.03
2025-10-26,946.2501,1141.3208,82.91,0.01
2025-10-27,945.6729,1141.3208,82.86,-0.05
2025-10-28,945.6908,1141.7058,82.83,0.0
2025-10-29,945.2471,1141.7058,82.79,-0.04
2025-10-30,945.5364,1141.9858,82.8,0.03
2025-10-31,945.82,1141.9858,82.82,0.02
2025-11-01,945.6996,1141.9695,82.81,-0.01
2025-11-02,946.7112,1141.9695,82.9,0.09
2025-11-03,948.0577,1141.9695,83.02,0.12
2025-11-04,948.0877,1141.9695,83.02,0.0
2025-11-05,947.4576,1141.9695,82.97,-0.06
2025-11-06,945.9339,1141.9695,82.83,-0.13
2025-11-07,944.2237,1141.9695,82.68,-0.15
2025-11-08,943.4301,1141.9695,82.61,-0.07
2025-11-09,942.7029,1141.9695,82.55,-0.06
2025-11-10,940.8306,1141.9695,82.39,-0.16
2025-11-11,939.863,1141.9695,82.3,-0.08
2025-11-12,938.9399,1141.9695,82.22,-0.08
2025-11-13,937.6918,1141.9695,82.11,-0.11
2025-11-14,936.8021,1141.9695,82.03,-0.08
2025-11-15,936.1688,1141.9695,81.98,-0.06
2025-11-16,935.1818,1141.9695,81.89,-0.09
2025-11-17,932.1093,1141.9695,81.62,-0.27
2025-11-18,926.8668,1141.9695,81.16,-0.46
2025-11-19,921.5243,1141.9695,80.7,-0.47
2025-11-20,915.1674,1141.9695,80.14,-0.56
2025-11-21,908.2727,1141.9695,79.54,-0.6
2025-11-22,902.917,1141.9695,79.07,-0.47
2025-11-23,897.9167,1141.9695,78.63,-0.44
2025-11-24,891.6433,1141.9695,78.08,-0.55
2025-11-25,885.2277,1141.9695,77.52,-0.56
2025-11-26,878.5321,1141.9695,76.93,-0.59
2025-11-27,872.4564,1141.9695,76.4,-0.53
2025-11-28,867.2126,1141.9695,75.94,-0.46
2025-11-29,863.5209,1141.9695,75.62,-0.32
2025-11-30,858.8652,1141.9695,75.21,-0.41
2025-12-01,854.0887,1141.9695,74.79,-0.42
2025-12-02,848.0658,1141.9695,74.26,-0.53
2025-12-03,841.2033,1141.9695,73.66,-0.6
2025-12-04,834.9909,1141.9695,73.12,-0.54
2025-12-05,829.1842,1142.6223,72.57,-0.51
2025-12-06,825.7073,1142.6223,72.26,-0.3
2025-12-07,823.0926,1142.6223,72.04,-0.23
2025-12-08,820.2888,1142.6223,71.79,-0.25
2025-12-09,817.2467,1142.6223,71.52,-0.27
2025-12-10,813.9344,1142.6223,71.23,-0.29
2025-12-11,809.4842,1142.6223,70.84,-0.39
2025-12-12,804.3106,1142.6223,70.39,-0.45
2025-12-13,800.2998,1142.6223,70.04,-0.35
2025-12-14,796.7007,1142.6223,69.73,-0.31
2025-12-15,791.2735,1142.6223,69.25,-0.47
2025-12-16,784.2598,1142.6223,68.64,-0.61
2025-12-17,778.7355,1142.6223,68.15,-0.48
2025-12-18,775.3372,1142.6223,67.86,-0.3
2025-12-19,771.4063,1142.6223,67.51,-0.34
2025-12-20,767.4224,1142.6223,67.16,-0.35
2025-12-21,764.2556,1142.6223,66.89,-0.28
2025-12-22,759.6671,1142.6223,66.48,-0.4
2025-12-23,755.0847,1142.6223,66.08,-0.4
2025-12-24,750.3407,1142.6223,65.67,-0.42
2025-12-25,744.4001,1142.6223,65.15,-0.52
2025-12-26,738.1811,1142.6223,64.6,-0.54
2025-12-27,733.0463,1142.6223,64.15,-0.45
2025-12-28,727.8156,1142.6223,63.7,-0.46
2025-12-29,721.1907,1142.6223,63.12,-0.58
2025-12-30,714.5191,1142.6223,62.53,-0.58
2025-12-31,707.9809,1142.6223,61.96,-0.57
